bao_hanh,danh_gia,danh_gia_tich_cuc,doi_tra,gia,giao_hang_dung_hen,hinh_thuc_thanh_toan,phan_hoi,phi_van_chuyen,sale,shop,ten,thoi_gian_giao_hang,thuong_hieu
KhÃ´ng Ã¡p dá»¥ng chÃ­nh sÃ¡ch báº£o hÃ nh,393 Ratings,89%,7 ngÃ y tráº£ hÃ ng cho NhÃ  bÃ¡n hÃ ng,75.000 â‚«,77%,Thanh toÃ¡n khi nháº­n hÃ ng. (KhÃ´ng Ä‘Æ°á»£c Ä‘á»“ng kiá»ƒm),87%,23.000 â‚«,-50%,Export Shoes,"GIÃ€Y NAM SNEAKER FULL TRáº®NG THÃŠU NHá»ŠP TIM, Äáº¾ CHá»NG TRÆ N TRÆ¯á»¢T, THOÃNG KHÃ THÃCH Há»¢P ÄI Há»ŒC, ÄI CHÆ I, EXPORT SHOES",3 - 6 ngÃ y,No Brand
,53 Ratings,96%,7 ngÃ y tráº£ hÃ ng cho NhÃ  bÃ¡n hÃ ng,90.000 â‚«,100%,Thanh toÃ¡n khi nháº­n hÃ ng. (KhÃ´ng Ä‘Æ°á»£c Ä‘á»“ng kiá»ƒm),96%,23.000 â‚«,-50%,shopgiay 178,GiÃ y thá»ƒ thao nam sneakers ABU chá»‘ng trÆ¡n giá»¯ nhiá»‡t thoÃ¡ng khÃ­ khá»­ mÃ¹i hÃ´i chÃ¢n thá»i trang má»›i nháº¥t 2022 HD5 ghi - Ä‘en,3 - 6 ngÃ y,No Brand
KhÃ´ng Ã¡p dá»¥ng chÃ­nh sÃ¡ch báº£o hÃ nh,169 Ratings,94%,7 ngÃ y tráº£ hÃ ng cho NhÃ  bÃ¡n hÃ ng,149.000 â‚«,87%,Thanh toÃ¡n khi nháº­n hÃ ng. (KhÃ´ng Ä‘Æ°á»£c Ä‘á»“ng kiá»ƒm),96%,24.000 â‚«,-49%,anyGift,"GiÃ y thá»ƒ thao nam, sneaker nam cao cáº¥p GNA-004",3 - 6 ngÃ y,No Brand
KhÃ´ng Ã¡p dá»¥ng chÃ­nh sÃ¡ch báº£o hÃ nh,47 Ratings,93%,7 ngÃ y tráº£ hÃ ng cho NhÃ  bÃ¡n hÃ ng,175.000 â‚«,99%,Thanh toÃ¡n khi nháº­n hÃ ng. (KhÃ´ng Ä‘Æ°á»£c Ä‘á»“ng kiá»ƒm),98%,75.000 â‚«,-55%,Solomon Shoes,"GiÃ y thá»ƒ thao nam, giÃ y sneaker nam Ä‘á»™n Ä‘áº¿ má»›i nháº¥t 2021",3 - 6 ngÃ y,No Brand
KhÃ´ng Ã¡p dá»¥ng chÃ­nh sÃ¡ch báº£o hÃ nh,290 Ratings,95%,7 ngÃ y tráº£ hÃ ng cho NhÃ  bÃ¡n hÃ ng,135.800 â‚«,97%,Thanh toÃ¡n khi nháº­n hÃ ng. (KhÃ´ng Ä‘Æ°á»£c Ä‘á»“ng kiá»ƒm),90%,31.900 â‚«,-52%,October Shop,"GiÃ y Thá»ƒ Thao Paris Tháº¥p Cá»•, GiÃ y Jordan Tháº¥p Cá»• MÃ u XÃ¡m Xanh Táº·ng Box Bill",3 - 7 ngÃ y,OEM
KhÃ´ng Ã¡p dá»¥ng chÃ­nh sÃ¡ch báº£o hÃ nh,No Ratings,90%,7 ngÃ y tráº£ hÃ ng cho NhÃ  bÃ¡n hÃ ng,179.000 â‚«,95%,Thanh toÃ¡n khi nháº­n hÃ ng. (KhÃ´ng Ä‘Æ°á»£c Ä‘á»“ng kiá»ƒm),33%,23.000 â‚«,-40%,shop x men,"GiÃ y Jordan Äen Tráº¯ng Tháº¥p Cá»• , GiÃ y Jordan Äen Tráº¯ng Cá»• Tháº¥p VIP14",3 - 6 ngÃ y,No Brand
KhÃ´ng Ã¡p dá»¥ng chÃ­nh sÃ¡ch báº£o hÃ nh,162 Ratings,93%,7 ngÃ y tráº£ hÃ ng cho NhÃ  bÃ¡n hÃ ng,83.300 â‚«,99%,Thanh toÃ¡n khi nháº­n hÃ ng. (KhÃ´ng Ä‘Æ°á»£c Ä‘á»“ng kiá»ƒm),99%,23.000 â‚«,-57%,B end T Shop,(CÃ³ 2 MÃ u) GiÃ y cao cá»• da nam Fashion JYUNLL phong cÃ¡ch,3 - 6 ngÃ y,No Brand
KhÃ´ng Ã¡p dá»¥ng chÃ­nh sÃ¡ch báº£o hÃ nh,60 Ratings,91%,7 ngÃ y tráº£ hÃ ng cho NhÃ  bÃ¡n hÃ ng,60.000 â‚«,97%,Thanh toÃ¡n khi nháº­n hÃ ng. (KhÃ´ng Ä‘Æ°á»£c Ä‘á»“ng kiá»ƒm),97%,23.000 â‚«,-45%,Store Dieulinh,"GiÃ y sneaker YZZ nam , GiÃ y nam thá»ƒ thao thoÃ¡ng khÃ­ - 3 mÃ u",3 - 6 ngÃ y,No Brand
KhÃ´ng Ã¡p dá»¥ng chÃ­nh sÃ¡ch báº£o hÃ nh,71 Ratings,95%,7 ngÃ y tráº£ hÃ ng cho NhÃ  bÃ¡n hÃ ng,98.500 â‚«,97%,Thanh toÃ¡n khi nháº­n hÃ ng. (KhÃ´ng Ä‘Æ°á»£c Ä‘á»“ng kiá»ƒm),90%,31.900 â‚«,-65%,October Shop,GiaÌ€Y Vans Caro Slipon LÆ°á»i Viá»n Tráº¯ng Nam Ná»¯ 2021 Full Box Bill,3 - 7 ngÃ y,OEM
KhÃ´ng Ã¡p dá»¥ng chÃ­nh sÃ¡ch báº£o hÃ nh,No Ratings,,7 ngÃ y tráº£ hÃ ng cho NhÃ  bÃ¡n hÃ ng,90.000 â‚«,KhÃ´ng Ä‘á»§ thÃ´ng tin,Thanh toÃ¡n khi nháº­n hÃ ng. (KhÃ´ng Ä‘Æ°á»£c Ä‘á»“ng kiá»ƒm),KhÃ´ng Ä‘á»§ thÃ´ng tin,1.383.800 â‚«,,4NDvJkCe,"Cv run cao,Jd low Ä‘á» tráº¯ng,Jd cao pháº£n quang,Jd low Ä‘á» tráº¯ng,Jd mid há»“ng,Jd low xanh lÃ¡ mÃ u hiáº¿m",2 - 6 ngÃ y,Nike
,685 Ratings,94%,7 ngÃ y tráº£ hÃ ng cho NhÃ  bÃ¡n hÃ ng,93.000 â‚«,99%,Thanh toÃ¡n khi nháº­n hÃ ng. (KhÃ´ng Ä‘Æ°á»£c Ä‘á»“ng kiá»ƒm),100%,23.000 â‚«,-48%,shopdung114,GiÃ y thá»ƒ thao nam sneakers ABU phong cÃ¡ch HÃ n quá»‘c thoÃ¡ng khÃ­ khá»­ mÃ¹i chá»‘ng trÆ¡n HD5 2 mÃ u,3 - 6 ngÃ y,No Brand
KhÃ´ng Ã¡p dá»¥ng chÃ­nh sÃ¡ch báº£o hÃ nh,299 Ratings,94%,7 ngÃ y tráº£ hÃ ng cho NhÃ  bÃ¡n hÃ ng,149.130 â‚«,97%,Thanh toÃ¡n khi nháº­n hÃ ng. (KhÃ´ng Ä‘Æ°á»£c Ä‘á»“ng kiá»ƒm),95%,22.000 â‚«,-47%,Zappos,"GiÃ y sneaker nam hot nÄƒm 2021, giÃ y thá»ƒ thao  Alami GTT11",3 - 6 ngÃ y,Alami
KhÃ´ng Ã¡p dá»¥ng chÃ­nh sÃ¡ch báº£o hÃ nh,28 Ratings,93%,7 ngÃ y tráº£ hÃ ng cho NhÃ  bÃ¡n hÃ ng,188.000 â‚«,99%,Thanh toÃ¡n khi nháº­n hÃ ng. (KhÃ´ng Ä‘Æ°á»£c Ä‘á»“ng kiá»ƒm),98%,23.000 â‚«,-60%,Solomon Shoes,"[áº¢nh tháº­t - Free Ship] GiÃ y Sneaker Nam, GiÃ y Da Nam Tháº¥p Cá»• Da Lá»™n NEW 2022 - Fullbox",3 - 6 ngÃ y,No Brand
KhÃ´ng Ã¡p dá»¥ng chÃ­nh sÃ¡ch báº£o hÃ nh,380 Ratings,90%,7 ngÃ y tráº£ hÃ ng cho NhÃ  bÃ¡n hÃ ng,59.000 â‚«,74%,Thanh toÃ¡n khi nháº­n hÃ ng. (KhÃ´ng Ä‘Æ°á»£c Ä‘á»“ng kiá»ƒm),92%,23.000 â‚«,-61%,N end K,"[Giáº£m tá»›i 30K Ä‘Æ¡n 99K]GiÃ y thá»ƒ thao nam 3 sá»c One Fashion cá»±c Ä‘áº¹p , Ä‘áº¿ Ãªm váº£i má»m thoÃ¡ng khÃ­",3 - 6 ngÃ y,No Brand
,232 Ratings,91%,7 ngÃ y tráº£ hÃ ng cho NhÃ  bÃ¡n hÃ ng,55.000 â‚«,93%,Thanh toÃ¡n khi nháº­n hÃ ng. (KhÃ´ng Ä‘Æ°á»£c Ä‘á»“ng kiá»ƒm),85%,22.000 â‚«,-50%,Zeni Shop,GiÃ y thá»ƒ thao nam KM8 pendi cÃ³ 2 mÃ u Ä‘en phá»‘i tráº¯ng Ä‘á» cháº¥t váº£i cao cáº¥p thoÃ¡ng khÃ­ Ä‘áº¿ cao su siÃªu má»m thoáº£i mÃ¡i khi mang sá»­ dá»¥ng Ä‘i há»c Ä‘i lÃ m thá»ƒ dá»¥c táº­p gym cháº¡y bá»™,3 - 6 ngÃ y,No Brand
KhÃ´ng Ã¡p dá»¥ng chÃ­nh sÃ¡ch báº£o hÃ nh,6 Ratings,90%,7 ngÃ y tráº£ hÃ ng dá»… dÃ ng,325.000 â‚«,89%,Thanh toÃ¡n khi nháº­n hÃ ng. (KhÃ´ng Ä‘Æ°á»£c Ä‘á»“ng kiá»ƒm),92%,22.000 â‚«,-56%,ä¸œä»”è¿åŠ¨æ½®é‹åº—,GiÃ y Nam GiÃ y Thá»ƒ Thao GiÃ y Cháº¡y Bá»™ Bá»ng NgÃ´ Äá»‡m KhÃ­ Máº·t LÆ°á»›i Thu ÄÃ´ng 2021 GiÃ y Chunky LÃ³t Nhung ThÆ°á»ng NgÃ y MÃ¹a ÄÃ´ng,9 - 20 ngÃ y,No Brand
KhÃ´ng Ã¡p dá»¥ng chÃ­nh sÃ¡ch báº£o hÃ nh,No Ratings,95%,7 ngÃ y tráº£ hÃ ng dá»… dÃ ng,302.000 â‚«,92%,Thanh toÃ¡n khi nháº­n hÃ ng. (KhÃ´ng Ä‘Æ°á»£c Ä‘á»“ng kiá»ƒm),78%,22.000 â‚«,-55%,TAO Gentlemen Shoes,GiÃ y GiÃ y TrÆ°á»£t VÃ¡n MÃ¹a Thu ÄÃ´ng Giáº§y Nam Con Trai Ins Thá»‹nh HÃ nh Nhiá»u Kiá»ƒu Phá»‘i Äá»“ ÄÃ´i Phá»¥c Cá»• GiÃ y ÄÃ o Táº¡o Äá»©c Váº­n Äá»™ng,9 - 20 ngÃ y,No Brand
,111 Ä‘Ã¡nh giÃ¡,91%,7 ngÃ y tráº£ hÃ ng cho NhÃ  bÃ¡n hÃ ng,55.000 â‚«,93%,Thanh toÃ¡n khi nháº­n hÃ ng. (KhÃ´ng Ä‘Æ°á»£c Ä‘á»“ng kiá»ƒm),85%,22.000 â‚«,-50%,Zeni Shop,GiÃ y thá»ƒ thao nam A1 cÃ³ 3 mÃ u Ä‘en tráº¯ng & kem cháº¥t váº£i khá»­ mÃ¹i thoÃ¡ng chÃ¢n Ä‘áº¿ cao su siÃªu Ãªm phong cÃ¡ch hÃ n quá»‘c tráº» trung Ä‘áº¹p giÃ¡ ráº»,3 - 6 ngÃ y,No Brand
KhÃ´ng Ã¡p dá»¥ng chÃ­nh sÃ¡ch báº£o hÃ nh,278 Ratings,91%,7 ngÃ y tráº£ hÃ ng cho NhÃ  bÃ¡n hÃ ng,95.000 â‚«,97%,Thanh toÃ¡n khi nháº­n hÃ ng. (KhÃ´ng Ä‘Æ°á»£c Ä‘á»“ng kiá»ƒm),97%,23.000 â‚«,-37%,Store Dieulinh,"GIÃ€Y DA NAM Cá»” CAO , Äáº¾ CAO SU ÄÃšC , GIÃ€Y DA NAM PHONG CÃCH SIÃŠU CHáº¤T",3 - 6 ngÃ y,No Brand
KhÃ´ng Ã¡p dá»¥ng chÃ­nh sÃ¡ch báº£o hÃ nh,369 Ratings,92%,7 ngÃ y tráº£ hÃ ng cho NhÃ  bÃ¡n hÃ ng,169.000 â‚«,84%,Thanh toÃ¡n khi nháº­n hÃ ng. (KhÃ´ng Ä‘Æ°á»£c Ä‘á»“ng kiá»ƒm),100%,22.000 â‚«,-50%,SPORT HÃ€ THÃ€NH,GiÃ y sneaker nam Thá»ƒ Thao Sport Nikes Ä‘á»‡m thÃ´ng thoÃ¡ng khÃ­ - GiÃ y nam sneaker thá»ƒ thao Ä‘Æ°á»ng phá»‘ nÄƒng Ä‘á»™ng - GiÃ y sneaker Thá»i Trang Nam SPORT HÃ€ THÃ€NH A03,3 - 6 ngÃ y,No Brand
KhÃ´ng Ã¡p dá»¥ng chÃ­nh sÃ¡ch báº£o hÃ nh,377 Ratings,97%,7 ngÃ y tráº£ hÃ ng cho NhÃ  bÃ¡n hÃ ng,95.000 â‚«,98%,Thanh toÃ¡n khi nháº­n hÃ ng. (KhÃ´ng Ä‘Æ°á»£c Ä‘á»“ng kiá»ƒm),100%,24.000 â‚«,-37%,Kho giÃ y báº£o ngá»c,GiÃ y Nam sneaker cao cá»• classic,3 - 6 ngÃ y,No Brand
KhÃ´ng Ã¡p dá»¥ng chÃ­nh sÃ¡ch báº£o hÃ nh,77 Ratings,93%,7 ngÃ y tráº£ hÃ ng cho NhÃ  bÃ¡n hÃ ng,159.000 â‚«,99%,Thanh toÃ¡n khi nháº­n hÃ ng. (KhÃ´ng Ä‘Æ°á»£c Ä‘á»“ng kiá»ƒm),98%,40.000 â‚«,-58%,Solomon Shoes,GiÃ y Sneaker Nam Váº£i BÃ² RÃ¡ch Phá»‘i Da Lá»™n Cao Cáº¥p,3 - 6 ngÃ y,OEM
KhÃ´ng Ã¡p dá»¥ng chÃ­nh sÃ¡ch báº£o hÃ nh,32 Ratings,91%,7 ngÃ y tráº£ hÃ ng cho NhÃ  bÃ¡n hÃ ng,39.000 â‚«,99%,Thanh toÃ¡n khi nháº­n hÃ ng. (KhÃ´ng Ä‘Æ°á»£c Ä‘á»“ng kiá»ƒm),100%,44.000 â‚«,-78%,ADAM SHOP - XÆ°á»Ÿng GiÃ y Nam,"GiÃ y thá»ƒ thao nam tráº¯ng,giÃ y sneaker nam cao cáº¥p (hot trend) mÃ£ CCH",3 - 7 ngÃ y,No Brand
KhÃ´ng Ã¡p dá»¥ng chÃ­nh sÃ¡ch báº£o hÃ nh,19 Ratings,95%,7 ngÃ y tráº£ hÃ ng cho NhÃ  bÃ¡n hÃ ng,89.500 â‚«,97%,Thanh toÃ¡n khi nháº­n hÃ ng. (KhÃ´ng Ä‘Æ°á»£c Ä‘á»“ng kiá»ƒm),90%,31.900 â‚«,-64%,October Shop,"GiÃ y Thá»ƒ Thao Af1 Tráº¯ng Full Box Bill, GiÃ y Sneaker ğ€ğ¢ğ« ğ…ğ¨ğ«ğœğ ğŸ Full Size Nam Ná»¯ SiÃªu Dá»… Phá»‘i Äá»“ Äi Há»c",3 - 7 ngÃ y,OEM
KhÃ´ng Ã¡p dá»¥ng chÃ­nh sÃ¡ch báº£o hÃ nh,333 Ratings,91%,7 ngÃ y tráº£ hÃ ng cho NhÃ  bÃ¡n hÃ ng,49.000 â‚«,99%,Thanh toÃ¡n khi nháº­n hÃ ng. (KhÃ´ng Ä‘Æ°á»£c Ä‘á»“ng kiá»ƒm),100%,44.000 â‚«,,ADAM SHOP - XÆ°á»Ÿng GiÃ y Nam,GiÃ y sneaker nam hÃ n quá»‘c Máº«u Má»›i (GiÃ¡ Cá»±c Shock) - ADAM SHOP(CDT),3 - 7 ngÃ y,No Brand
KhÃ´ng Ã¡p dá»¥ng chÃ­nh sÃ¡ch báº£o hÃ nh,510 Ratings,91%,7 ngÃ y tráº£ hÃ ng cho NhÃ  bÃ¡n hÃ ng,49.000 â‚«,100%,Thanh toÃ¡n khi nháº­n hÃ ng. (KhÃ´ng Ä‘Æ°á»£c Ä‘á»“ng kiá»ƒm),100%,44.000 â‚«,-61%,Bingo no 1,GiÃ y Thá»ƒ Thao Nam Tráº¯ng ThÃªu Há»a Tiáº¿t CÃ¡nh Chim - Thá»i Trang BINGO (LC01) - GiÃ¡ Cá»±c Sá»‘c,3 - 7 ngÃ y,OEM
KhÃ´ng Ã¡p dá»¥ng chÃ­nh sÃ¡ch báº£o hÃ nh,845 Ratings,96%,7 ngÃ y tráº£ hÃ ng cho NhÃ  bÃ¡n hÃ ng,169.000 â‚«,99%,Thanh toÃ¡n khi nháº­n hÃ ng. (KhÃ´ng Ä‘Æ°á»£c Ä‘á»“ng kiá»ƒm),94%,22.000 â‚«,-47%,TAIKI,GiÃ y thá»ƒ thao nam Cao Cáº¥p HÃ³t Trend TAIKI,3 - 6 ngÃ y,No Brand
,1155 Ratings,94%,7 ngÃ y tráº£ hÃ ng cho NhÃ  bÃ¡n hÃ ng,199.000 â‚«,87%,Thanh toÃ¡n khi nháº­n hÃ ng. (KhÃ´ng Ä‘Æ°á»£c Ä‘á»“ng kiá»ƒm),96%,22.000 â‚«,-49%,anyGift,GiÃ y thá»ƒ thao nam loáº¡i cao cáº¥p VISPO 007 (Äáº¿ dÃ y 3cm),3 - 6 ngÃ y,No Brand
KhÃ´ng Ã¡p dá»¥ng chÃ­nh sÃ¡ch báº£o hÃ nh,18 Ratings,93%,7 ngÃ y tráº£ hÃ ng cho NhÃ  bÃ¡n hÃ ng,89.000 â‚«,99%,Thanh toÃ¡n khi nháº­n hÃ ng. (KhÃ´ng Ä‘Æ°á»£c Ä‘á»“ng kiá»ƒm),100%,23.000 â‚«,-44%,BHNT Shop,GiÃ y sneaker nam thá»ƒ thao - GÃ³t phá»‘i ngÃ´i sao Ä‘en Ä‘á» bá»n Ä‘áº¹p,3 - 6 ngÃ y,No Brand
KhÃ´ng Ã¡p dá»¥ng chÃ­nh sÃ¡ch báº£o hÃ nh,803 Ratings,90%,,83.900 â‚«,99%,Thanh toÃ¡n khi nháº­n hÃ ng. (KhÃ´ng Ä‘Æ°á»£c Ä‘á»“ng kiá»ƒm),99%,22.000 â‚«,-69%,Pettino,GiÃ y thá»ƒ thao nam váº£i sá»£i thoÃ¡ng khÃ­ thá»i trang PETTINO - LLPZN03,3 - 6 ngÃ y,Pettino
,106 Ratings,94%,7 ngÃ y tráº£ hÃ ng cho NhÃ  bÃ¡n hÃ ng,55.500 â‚«,94%,Thanh toÃ¡n khi nháº­n hÃ ng. (KhÃ´ng Ä‘Æ°á»£c Ä‘á»“ng kiá»ƒm),98%,23.000 â‚«,-44%,Shop-MinhNhat,GiÃ y sneaker nam váº£i lÆ°á»›i 2 mÃ u siÃªu thoÃ¡ng khÃ­ Ãªm chÃ¢n siÃªu ráº» dá»… sá»­ dá»¥ng,3 - 6 ngÃ y,No Brand
,63 Ratings,92%,7 ngÃ y tráº£ hÃ ng cho NhÃ  bÃ¡n hÃ ng,55.000 â‚«,97%,Thanh toÃ¡n khi nháº­n hÃ ng. (KhÃ´ng Ä‘Æ°á»£c Ä‘á»“ng kiá»ƒm),85%,22.000 â‚«,-50%,GiÃ y Sneaker Ná»¯ 1586333885,GiÃ y thá»ƒ thao nam 2168 má»›i,3 - 6 ngÃ y,No Brand
,175 Ratings,90%,7 ngÃ y tráº£ hÃ ng cho NhÃ  bÃ¡n hÃ ng,59.000 â‚«,90%,Thanh toÃ¡n khi nháº­n hÃ ng. (KhÃ´ng Ä‘Æ°á»£c Ä‘á»“ng kiá»ƒm),94%,22.000 â‚«,-46%,BOSUMO SHOP,GiÃ y thá»ƒ thao nam KM8 pendi cÃ³ 2 mÃ u Ä‘en phá»‘i tráº¯ng Ä‘á» cháº¥t váº£i cao cáº¥p thoÃ¡ng khÃ­ Ä‘áº¿ cao su siÃªu má»m thoáº£i mÃ¡i khi mang sá»­ dá»¥ng Ä‘i há»c Ä‘i lÃ m thá»ƒ dá»¥c táº­p gym cháº¡y bá»™,3 - 6 ngÃ y,No Brand
KhÃ´ng Ã¡p dá»¥ng chÃ­nh sÃ¡ch báº£o hÃ nh,284 Ratings,89%,7 ngÃ y tráº£ hÃ ng cho NhÃ  bÃ¡n hÃ ng,69.000 â‚«,96%,Thanh toÃ¡n khi nháº­n hÃ ng. (KhÃ´ng Ä‘Æ°á»£c Ä‘á»“ng kiá»ƒm),100%,44.000 â‚«,-34%,Anh CÆ°á»ng,GiÃ y thá»ƒ thao nam giÃ¡ ráº» Ä‘áº¹p mÃ£ G3M,3 - 7 ngÃ y,OEM
KhÃ´ng Ã¡p dá»¥ng chÃ­nh sÃ¡ch báº£o hÃ nh,77 Ratings,96%,7 ngÃ y tráº£ hÃ ng cho NhÃ  bÃ¡n hÃ ng,189.000 â‚«,98%,Thanh toÃ¡n khi nháº­n hÃ ng. (KhÃ´ng Ä‘Æ°á»£c Ä‘á»“ng kiá»ƒm),89%,31.900 â‚«,-44%,Tá»•ng kho giÃ y PhÃº Thá»,"GiÃ y Thá»ƒ Thao Sneaker, giÃ y jordan xÃ¡m xanh, giÃ y jodan Tháº¥p Cá»• CÃ¡c MÃ u Ä‘áº§y Ä‘á»§ bill+há»™p hot trent",3 - 7 ngÃ y,No Brand
KhÃ´ng Ã¡p dá»¥ng chÃ­nh sÃ¡ch báº£o hÃ nh,9 Ratings,96%,7 ngÃ y tráº£ hÃ ng dá»… dÃ ng,289.000 â‚«,81%,Thanh toÃ¡n khi nháº­n hÃ ng. (KhÃ´ng Ä‘Æ°á»£c Ä‘á»“ng kiá»ƒm),75%,22.000 â‚«,-21%,yi er mei trade,GiÃ y Ná»¯ Wild Nb Má»›i GiÃ y Thá»ƒ Thao 530 GiÃ y CÅ© GiÃ y LÆ°á»›i ThoÃ¡ng KhÃ­ SiÃªu Lá»­a Ins Cho Ná»¯ GiÃ y Cháº¡y ThÆ°á»ng NgÃ y Cho Ná»¯,8 - 18 ngÃ y,OEM
KhÃ´ng Ã¡p dá»¥ng chÃ­nh sÃ¡ch báº£o hÃ nh,65 Ratings,90%,7 ngÃ y tráº£ hÃ ng cho NhÃ  bÃ¡n hÃ ng,69.000 â‚«,100%,Thanh toÃ¡n khi nháº­n hÃ ng. (KhÃ´ng Ä‘Æ°á»£c Ä‘á»“ng kiá»ƒm),100%,44.000 â‚«,-55%,HEROS VN,GiÃ y sneaker nam HERO'S SiÃªu Hot  mÃ£ HVR - Hot Trend-Xu HÆ°á»›ng Má»›i Nháº¥t,3 - 7 ngÃ y,No Brand
KhÃ´ng Ã¡p dá»¥ng chÃ­nh sÃ¡ch báº£o hÃ nh,591 Ratings,90%,7 ngÃ y tráº£ hÃ ng cho NhÃ  bÃ¡n hÃ ng,59.000 â‚«,100%,Thanh toÃ¡n khi nháº­n hÃ ng. (KhÃ´ng Ä‘Æ°á»£c Ä‘á»“ng kiá»ƒm),100%,44.000 â‚«,-53%,HEROS VN,"GiÃ y nam, GiÃ y thá»ƒ thao nam, GiÃ y sneaker nam, GiÃ y Ä‘áº¿ cao 5cm, GiÃ y nam má»›i nháº¥t, GiÃ y nam cá»±c Ä‘áº¹p, GiÃ y thá»ƒ thao nam tÄƒng 5cm chiá»u cao cá»±c kÃ¬ ngáº§u",3 - 7 ngÃ y,No Brand
KhÃ´ng Ã¡p dá»¥ng chÃ­nh sÃ¡ch báº£o hÃ nh,94 Ratings,96%,7 ngÃ y tráº£ hÃ ng cho NhÃ  bÃ¡n hÃ ng,179.000 â‚«,99%,Thanh toÃ¡n khi nháº­n hÃ ng. (KhÃ´ng Ä‘Æ°á»£c Ä‘á»“ng kiá»ƒm),100%,24.000 â‚«,-22%,TÆ°á»›ng QuÃ¢n Shop,"GiÃ y thá»ƒ thao nam,giÃ y cháº¡y thá»ƒ dá»¥c,cháº¥t liá»‡u da chá»‘ng nÆ°á»›c, Ãªm chÃ¢n phiÃªn báº£n HÃ n Quá»‘c má»›i 2021",3 - 6 ngÃ y,No Brand
KhÃ´ng Ã¡p dá»¥ng chÃ­nh sÃ¡ch báº£o hÃ nh,1408 Ratings,96%,7 ngÃ y tráº£ hÃ ng cho NhÃ  bÃ¡n hÃ ng,169.000 â‚«,98%,Thanh toÃ¡n khi nháº­n hÃ ng. (KhÃ´ng Ä‘Æ°á»£c Ä‘á»“ng kiá»ƒm),93%,22.000 â‚«,-47%,HOÃ€NG HÃ€ 888,GiÃ y thá»ƒ thao nam Cao Cáº¥p HÃ³t Trend HOÃ€NG HÃ€ 888,3 - 6 ngÃ y,No Brand
